Xin Cảm Tạ;1
Khao Khát Chúa;2
Khao Khát Tình Yêu;3
Khi Chúa Đến;4
Muốn Gặp Chúa;5
Chúa Đi Bước Trước;6
Mời Gọi Nên Thánh;7
Yêu Là Lựa Chọn;8
Lạy Đấng Khôn Ngoan;9
Đấng Duy Nhất;10
Hoạt Động Và Chiêm Niệm;11
Đáp Trả Tình Yêu;12
Ai Yêu Sự Sống Mình;13
Tiếng Chúa;14
Tỉnh Thức Nghe Tiếng Chúa;15
Chiến Đấu Vì Chúa;16
Tiến Dâng Thân Mình;17
Cầu Nguyện với Chúa;18
Về Nơi Bản Thân;19
Cầu Nguyện Cho Nhau;20
Đề Phòng Chính Mình;21
Thầy Là Ai;22
Xin Cho Lòng Tin;23
Chỉ Người Nào Yêu;24
Trung Tín Với Chúa;25
Xin Hướng Dẫn Con;26
Mong Cả Địa Cầu;27
Khi Ta Muốn;28
Hướng Về Chúa Mọi Lúc;29
Chúa Giêsu Là Đường;30
Đức Kitô Đã Sống Lại;31
Ca Tụng Chúa;32
Thiên Chúa Cúi Nhìn;33
Chúa Chờ Đợi Ta;34
Hãy Cầu Nguyện;35
Phó Thác Cho Chúa;36
Cha Chúng Con;37
Cha Trang Điểm Lời Ngài;38
Mọi Người Là Anh Em;39
Sống Niềm Vui;40
Cần Biết Đánh Liều;41
Xin Cho Con Thấy;42
Ơn Cứu Độ Bởi Chúa;43
Chờ Đợi Vững Vàng;44
Của Lễ Cao Trọng;45
Xin Biết Lắng Nghe;46
Từ Bỏ Chính Mình;47
Ánh Mắt Thiên Chúa;48
Biết Chúa;49
Phục Vụ Trong Đức Ái;50
Xin Theo Thầy;54
Thánh Thể Hiện Diện;57
Tấm Bánh Chia Sẻ;58
Sống Theo Thánh Thể;59
Trong Chén Thánh;60
Hãy Nhận Bánh Này;61
Suối Nước Trường Sinh;62
Hòa Nhịp Trái Tim Chúa;63
Lòng Thương Xót Của Chúa;64
Có Cơn Khát Nào;65
Chúa Yêu Tội Nhân;66
Lòng Quảng Đại Của Chúa;67
Mọi Vật Ở Trong Chúa;68
Hãy Đến Với Chúa;69
Nên Một Với Nhau;70
Mối Dây Hiệp Nhất;71
Tình Yêu Chúa Lôi Cuốn;72
Tôn Vinh Chúa Giêsu;73
Vì Tình Yêu;74
Đợi Chờ Chúa Đến;75
Hãy Sẵn Sàng;76
Chúa Đến Nhà Mình;77
Ngôi Lời Mặc Xác Phàm;78
Đêm Giáng Sinh;79
Năm Mới Hé Mở;80
Vì Mùa Chay;81
Phục Sinh - Lễ Hội;82
Nhân Chứng Sống Lại;83
Hiệp Thông Trong Thánh Thần;84
Cần Chúa Thánh Thần;85
Nếu Không Thần Khí;86
Tin Chúa Thánh Thần;87
Lạy Chúa Thánh Thần;88
Hãy Ra Khơi;89
Gợi Lên Lời Ngợi Ca;90
Đáp Lại Ân Sủng;91
Chỉ Có Thần Khí;92
Hội Thánh Trong Thế Giới;93
Loan Báo Tin Mừng;94
Hãy Hoàn Thiện Thêm;95
Linh Hồn Hội Thánh;96
Sống Chết Vì Đức Tin;97
Yêu Mến Hội Thánh;98
Sẵn Sàng Lên Đường;99
Vì Được Thanh Tẩy;100
Xin Được Hiệp Nhất;101
Làm Chứng Cho Chúa;103
Cho Chúng Con Nên Một;104
Làm Sao Hát;105
Mẹ Gần Gũi Ta;106
Xin Gương Mặt Của Mẹ;107
Người Bảo sao, Cứ Làm Vậy;108
Xin Mẹ Ơn Thinh Lặng;110
Xin Mẹ Trả Lời;111
Thánh Giuse;112
Các Thánh;113
Lạy Các Thánh;114
Ave Maria;115
Ave Maria;117
Ave Maria;120
Kìa Bà Nào;121
Đối Tượng Duy Nhất;124
Kính Chào Đức Mẹ Tàpao;127
